segment_col,segment,n,positive_share,accuracy,balanced_accuracy,recall_up,recall_not_up,roc_auc
periodo_presidencial,Duque,828,0.27898550724637683,0.8719806763285024,0.8767212686810677,0.8874458874458875,0.8659966499162479,0.9457750513026895
periodo_presidencial,Petro,998,0.44188376753507014,0.9008016032064128,0.9031029527310626,0.9229024943310657,0.8833034111310593,0.9542332791883958
