horizon,n,positive_share,non_positive_share,zero_return_share,mean_return,std_return
21,9262,0.37885985748218526,0.6211401425178147,0.3127834161088318,0.005498751902978839,0.03007250964460921
